,Unnamed: 0_x,id,device_id_x,datetime_EST,label,Unnamed: 0_y,device_id_y,mean_magnitude_x,std_magnitude_x,median_magnitude_x,min_magnitude_x,max_magnitude_x,mean_x_x,mean_y_x,mean_z_x,variance_x_x,variance_y_x,variance_z_x,correlation_xy_x,correlation_yz_x,correlation_xz_x,covariance_xy_x,covariance_yz_x,covariance_xz_x,skew_x_x,skew_y_x,skew_z_x,kurtosis_x_x,kurtosis_y_x,kurtosis_z_x,epoch_x,weekday_x,group_x,Unnamed: 0_x,device_id_x,mean_magnitude_y,std_magnitude_y,median_magnitude_y,min_magnitude_y,max_magnitude_y,epoch_y,weekday_y,group_y,Unnamed: 0_y,device_id_y,mean_battery_level,std_battery_level,median_battery_level,min_battery_level,max_battery_level,epoch_x,weekday_x,group_x,Unnamed: 0_x,device_id_x,num_rows_battery,length_of_charge_minutes,epoch_y,weekday_y,group_y,Unnamed: 0_y,device_id_y,mean_magnitude,std_magnitude,median_magnitude,min_magnitude,max_magnitude,mean_x_y,mean_y_y,mean_z_y,variance_x_y,variance_y_y,variance_z_y,correlation_xy_y,correlation_yz_y,correlation_xz_y,covariance_xy_y,covariance_yz_y,covariance_xz_y,skew_x_y,skew_y_y,skew_z_y,kurtosis_x_y,kurtosis_y_y,kurtosis_z_y,epoch_x,weekday_x,group_x,Unnamed: 0_x,device_id_x,number_samples_location,location_variance,location_variance_log,location_entropy,location_entropy_normalized,number_location_transitions,number_of_clusters,moving_time_percent,circadian_movement,total_distance_meters,speed_mean_meters_per_sec,speed_var_meters_per_sec,time_at_cluster_1,time_at_cluster_2,time_at_cluster_3,time_at_cluster_1_in_group,time_at_cluster_2_in_group,time_at_cluster_3_in_group,max_len_stay_at_clusters_in_minutes,min_len_stay_at_clusters_in_minutes,std_len_stay_at_clusters_in_minutes,mean_len_stay_at_clusters_in_minutes,radius_of_gyration,outliers_time_percent,home_stay_time_percent_10m,home_stay_time_percent_100m,location_entropy_local,location_entropy_normalized_local,number_location_transitions_local,number_of_clusters_local,moving_time_percent_local,time_at_cluster_1_local,time_at_cluster_2_local,time_at_cluster_3_local,max_len_stay_at_clusters_in_minutes_local,min_len_stay_at_clusters_in_minutes_local,std_len_stay_at_clusters_in_minutes_local,mean_len_stay_at_clusters_in_minutes_local,outliers_time_percent_local,epoch_y,weekday_y,group_y,Unnamed: 0_y,device_id_y,number_samples_screen,unlocks_per_minute,number_of_minutes_interaction,max_len_minute_interaction_bout,min_len_minute_interaction_bout,std_len_minute_interaction_bout,mean_len_minute_interaction_bout,number_of_minutes_unlock,max_len_minute_unlock_bout,min_len_minute_unlock_bout,std_len_minute_unlock_bout,mean_len_minute_unlock_bout,first_unlock_for_grpbyday,first_on_for_grpbyday,last_unlock_for_grpbyday,last_lock_for_grpbyday,last_on_for_grpbyday,epoch,weekday,group
0,0.0,1.0, a28a128d-afa9-4eb5-ab51-0e059e9aadb9,2021-09-10 09:00:00,0.0,0.0,a28a128d-afa9-4eb5-ab51-0e059e9aadb9,0.9964129999999999,0.0189532,0.996232,0.689775,1.7139099999999998,0.00602107,-0.0594313,-0.981672,0.00389335,0.018136199999999998,0.00391891,-0.37194099999999997,-0.751023,0.539794,-0.00312599,-0.00633269,0.00210888,7.02295,-3.08468,6.841710000000001,94.8566,10.8663,72.1415,allday,,3_hour,0.0,a28a128d-afa9-4eb5-ab51-0e059e9aadb9,1009.17,0.0301783,1009.18,1009.1,1009.24,allday,,3_hour,0.0,a28a128d-afa9-4eb5-ab51-0e059e9aadb9,25.0,0.816497,25.0,24.0,26.0,allday,,3_hour,0.0,a28a128d-afa9-4eb5-ab51-0e059e9aadb9,1.0,889.398,allday,,3_hour,0.0,a28a128d-afa9-4eb5-ab51-0e059e9aadb9,0.045587300000000004,0.302079,0.00885318,0.00180232,7.1943399999999995,-0.00151843,0.00672065,-0.0063401,0.028283,0.0526659,0.0122931,-0.032672,0.23346,-0.397388,-0.0012612,0.00594139,-0.0074112,11.7748,-1.07168,-6.1828199999999995,528.16,400.191,241.361,allday,,3_hour,0.0,a28a128d-afa9-4eb5-ab51-0e059e9aadb9,1.0,,,-0.0,-0.0,0.0,1.0,0.0,,0.0,,,100.0,0.0,0.0,10.0,,,10.0,10.0,0.0,10.0,0.0,-0.0,1.0,1.0,,,0.0,0.0,0.0,0.0,0.0,0.0,10.0,10.0,0.0,10.0,1.0,allday,,3_hour,0.0,a28a128d-afa9-4eb5-ab51-0e059e9aadb9,5.0,0.00138889,1.0078200000000002,0.535583,0.472233,0.031675,0.503908,1.0078200000000002,0.535583,0.472233,0.031675,0.503908,2021-09-09 22:50:19,,2021-09-09 22:55:02,2021-09-10 23:59:59,,allday,,3_hour
1,1.0,2.0, a28a128d-afa9-4eb5-ab51-0e059e9aadb9,2021-09-10 12:00:00,-1.0,1.0,a28a128d-afa9-4eb5-ab51-0e059e9aadb9,1.02264,0.260785,0.996662,0.18945399999999998,5.4734,-0.15753399999999998,0.0353577,-0.707466,0.127247,0.28070100000000003,0.179274,-0.061264,0.5833050000000001,-0.25957600000000003,-0.011579,0.130856,-0.0392072,-1.06701,1.67527,0.901697,2.80538,4.53774,-0.100104,allday,,3_hour,1.0,a28a128d-afa9-4eb5-ab51-0e059e9aadb9,1009.45,0.718542,1009.13,1008.59,1011.23,allday,,3_hour,1.0,a28a128d-afa9-4eb5-ab51-0e059e9aadb9,12.0,6.63325,12.0,1.0,23.0,allday,,3_hour,,,,,,,,1.0,a28a128d-afa9-4eb5-ab51-0e059e9aadb9,0.824542,1.05407,0.488601,0.00308887,12.4443,0.00135952,0.010160700000000002,0.00616898,0.7059310000000001,0.577549,0.507304,-0.229408,-0.259372,0.03292,-0.146488,-0.140401,0.0197013,0.304141,0.516478,0.134643,7.947430000000001,14.4037,10.3895,allday,,3_hour,1.0,a28a128d-afa9-4eb5-ab51-0e059e9aadb9,18.0,2.48169e-05,-4.60525,0.325083,0.16254100000000002,2.0,2.0,0.277778,-1.6474099999999998,2251.44,0.22073,0.12168699999999999,100.0,900.0,0.0,90.0,10.0,,90.0,10.0,33.9935,43.3333,0.0178058,0.166667,0.11111099999999999,0.11111099999999999,,,0.0,0.0,0.277778,0.0,0.0,0.0,130.0,130.0,0.0,130.0,0.722222,allday,,3_hour,1.0,a28a128d-afa9-4eb5-ab51-0e059e9aadb9,15.0,0.00555556,1479.01,1426.37,0.0196,469.30300000000005,184.87599999999998,1479.01,1426.37,0.0196,469.30300000000005,184.87599999999998,2021-09-09 23:09:26,,2021-09-10 23:59:59,2021-09-10 00:13:32,,allday,,3_hour
2,2.0,3.0, a28a128d-afa9-4eb5-ab51-0e059e9aadb9,2021-09-10 15:00:00,0.0,,,,,,,,,,,,,,,,,,,,,,,,,,,,,,,,,,,,,,,,,,,,,,,,,,,,,,,,,,,,,,,,,,,,,,,,,,,,,,,,,,,,2.0,a28a128d-afa9-4eb5-ab51-0e059e9aadb9,18.0,8.553110000000001e-28,-27.0679,-0.0,-0.0,0.0,1.0,0.0,,0.0,0.0,0.0,0.0,1800.0,0.0,180.0,,,180.0,180.0,0.0,180.0,0.0,-0.0,0.0,0.0,-0.0,-0.0,0.0,1.0,0.0,1800.0,0.0,0.0,180.0,180.0,0.0,180.0,-0.0,allday,,3_hour,,,,,,,,,,,,,,,,,,,,,,
3,3.0,4.0, a28a128d-afa9-4eb5-ab51-0e059e9aadb9,2021-09-10 18:00:00,1.0,,,,,,,,,,,,,,,,,,,,,,,,,,,,,,,,,,,,,,,,,,,,,,,,,,,,,,,,,,,,,,,,,,,,,,,,,,,,,,,,,,,,3.0,a28a128d-afa9-4eb5-ab51-0e059e9aadb9,18.0,8.553110000000001e-28,-27.0679,-0.0,-0.0,0.0,1.0,0.0,,0.0,0.0,0.0,0.0,1800.0,0.0,180.0,,,180.0,180.0,0.0,180.0,0.0,-0.0,0.0,0.0,-0.0,-0.0,0.0,1.0,0.0,1800.0,0.0,0.0,180.0,180.0,0.0,180.0,-0.0,allday,,3_hour,,,,,,,,,,,,,,,,,,,,,,
4,4.0,5.0, a28a128d-afa9-4eb5-ab51-0e059e9aadb9,2021-09-10 21:00:00,1.0,2.0,a28a128d-afa9-4eb5-ab51-0e059e9aadb9,1.0044899999999999,0.0114167,1.0051299999999999,0.657589,1.42028,-0.0471094,-0.172784,0.8097300000000001,0.22225799999999998,0.013623500000000002,0.0855099,-0.347554,0.7318359999999999,-0.254107,-0.0191251,0.0249791,-0.0350318,0.70473,-1.64612,-1.35117,0.32725,2.8208900000000003,0.648306,allday,,3_hour,2.0,a28a128d-afa9-4eb5-ab51-0e059e9aadb9,1008.92,0.203349,1008.91,1008.47,1009.2,allday,,3_hour,2.0,a28a128d-afa9-4eb5-ab51-0e059e9aadb9,59.4819,23.2059,58.0,24.0,100.0,allday,,3_hour,,,,,,,,2.0,a28a128d-afa9-4eb5-ab51-0e059e9aadb9,0.0369665,0.152099,0.0092211,0.00101694,6.932189999999999,-0.000182694,0.00696697,-0.00457598,0.00420185,0.014032,0.00619728,-0.16808199999999998,0.511121,-0.0489095,-0.00129066,0.00476643,-0.00024958799999999997,2.56528,-4.71796,2.6019799999999997,446.251,492.621,623.3919999999999,allday,,3_hour,4.0,a28a128d-afa9-4eb5-ab51-0e059e9aadb9,18.0,2.8954e-05,-4.53829,0.48257799999999995,0.24128899999999998,1.0,2.0,0.11111099999999999,-1.65077,1305.59,0.127999,0.23711100000000002,1300.0,300.0,0.0,130.0,30.0,,130.0,30.0,50.0,80.0,0.028856200000000002,-0.0,0.555556,0.777778,-0.0,-0.0,1.0,1.0,0.11111099999999999,1300.0,0.0,0.0,130.0,30.0,50.0,80.0,0.166667,allday,,3_hour,2.0,a28a128d-afa9-4eb5-ab51-0e059e9aadb9,1.0,0.0,552.749,552.749,552.749,0.0,552.749,552.749,552.749,552.749,0.0,552.749,2021-09-10 00:00:00,,,2021-09-10 23:59:59,,allday,,3_hour
5,5.0,6.0, a28a128d-afa9-4eb5-ab51-0e059e9aadb9,2021-09-11 09:00:00,-1.0,6.0,a28a128d-afa9-4eb5-ab51-0e059e9aadb9,1.00915,0.17811,0.9966010000000001,0.0867367,4.56684,0.09676030000000001,0.0673529,-0.77642,0.0534812,0.2367,0.143201,0.34636300000000003,0.649767,0.46922200000000003,0.0389708,0.119629,0.0410639,1.91093,1.41624,1.5847799999999999,6.692080000000001,3.6090699999999996,1.65924,allday,,3_hour,6.0,a28a128d-afa9-4eb5-ab51-0e059e9aadb9,1008.83,0.587076,1008.94,1007.82,1010.4,allday,,3_hour,6.0,a28a128d-afa9-4eb5-ab51-0e059e9aadb9,74.0,4.32049,74.0,67.0,81.0,allday,,3_hour,,,,,,,,6.0,a28a128d-afa9-4eb5-ab51-0e059e9aadb9,0.31092600000000004,0.795528,0.010561200000000001,0.000492654,10.3953,-0.00440489,0.00422848,0.0037573999999999997,0.25857399999999997,0.308131,0.16278199999999998,-0.0930669,-0.207352,0.526718,-0.0262702,-0.0464396,0.10806400000000001,0.43348100000000006,0.0583283,-0.834883,22.8163,32.3526,40.2937,allday,,3_hour,8.0,a28a128d-afa9-4eb5-ab51-0e059e9aadb9,18.0,1.65959e-09,-8.78,-0.0,-0.0,0.0,1.0,0.22222199999999998,-3.7933,912.0980000000001,0.0894214,0.0464476,1400.0,0.0,0.0,140.0,,,140.0,140.0,0.0,140.0,0.0111302,-0.0,0.722222,0.8888889999999999,-0.0,-0.0,0.0,1.0,0.22222199999999998,1400.0,0.0,0.0,140.0,140.0,0.0,140.0,-0.0,allday,,3_hour,6.0,a28a128d-afa9-4eb5-ab51-0e059e9aadb9,24.0,0.00833333,48.916000000000004,20.5648,0.021466700000000002,6.24322,4.0763300000000005,48.916000000000004,20.5648,0.021466700000000002,6.24322,4.0763300000000005,2021-09-10 20:14:00,,2021-09-10 22:31:12,2021-09-11 23:59:59,,allday,,3_hour
6,6.0,7.0, a28a128d-afa9-4eb5-ab51-0e059e9aadb9,2021-09-11 12:00:00,-1.0,7.0,a28a128d-afa9-4eb5-ab51-0e059e9aadb9,0.9967459999999999,0.0228015,0.9966280000000001,0.333507,2.30219,0.0588928,-0.113883,-0.946465,0.00982988,0.05989969999999999,0.0120584,-0.05245639999999999,-0.682238,0.38069400000000003,-0.00127289,-0.0183358,0.00414479,3.01775,-1.31691,4.00976,17.0039,1.37947,29.0087,allday,,3_hour,7.0,a28a128d-afa9-4eb5-ab51-0e059e9aadb9,1006.87,0.45901800000000004,1006.6,1006.28,1007.83,allday,,3_hour,7.0,a28a128d-afa9-4eb5-ab51-0e059e9aadb9,60.4167,3.4990099999999997,60.5,55.0,66.0,allday,,3_hour,,,,,,,,7.0,a28a128d-afa9-4eb5-ab51-0e059e9aadb9,0.05130459999999999,0.30197399999999996,0.00977334,0.00124973,15.222999999999999,-0.000735572,0.00689449,-0.0054034,0.020834599999999998,0.0571932,0.015715100000000003,0.143468,0.0242424,-0.0123168,0.00495255,0.0007268,-0.000222873,-2.6886200000000002,-5.96243,1.3216299999999999,368.792,1109.02,600.41,allday,,3_hour,9.0,a28a128d-afa9-4eb5-ab51-0e059e9aadb9,18.0,3.74785e-09,-8.426219999999999,-0.0,-0.0,0.0,1.0,0.0,-6.32343,135.502,0.0132845,9.94893e-05,1800.0,0.0,0.0,180.0,,,180.0,180.0,0.0,180.0,0.0,-0.0,0.666667,1.0,-0.0,-0.0,0.0,1.0,0.0,1800.0,0.0,0.0,180.0,180.0,0.0,180.0,-0.0,allday,,3_hour,7.0,a28a128d-afa9-4eb5-ab51-0e059e9aadb9,22.0,0.00763889,45.4621,24.9838,0.028183299999999998,6.89439,4.13291,45.4621,24.9838,0.028183299999999998,6.89439,4.13291,2021-09-10 23:10:20,,2021-09-11 01:48:50,2021-09-11 23:59:59,,allday,,3_hour
7,7.0,8.0, a28a128d-afa9-4eb5-ab51-0e059e9aadb9,2021-09-11 15:00:00,0.0,8.0,a28a128d-afa9-4eb5-ab51-0e059e9aadb9,0.996634,0.0226149,0.9966459999999999,0.0352416,1.8091700000000002,0.0382181,-0.106602,-0.9547540000000001,0.00566073,0.0541427,0.00960762,-0.022178200000000002,-0.789496,0.325756,-0.000388276,-0.0180068,0.00240239,4.42558,-1.53406,3.87354,62.0761,1.1103,29.8488,allday,,3_hour,8.0,a28a128d-afa9-4eb5-ab51-0e059e9aadb9,1006.34,0.10805999999999999,1006.34,1006.14,1006.53,allday,,3_hour,8.0,a28a128d-afa9-4eb5-ab51-0e059e9aadb9,48.9091,3.0586599999999997,49.0,44.0,54.0,allday,,3_hour,,,,,,,,8.0,a28a128d-afa9-4eb5-ab51-0e059e9aadb9,0.053514400000000004,0.306956,0.00954818,0.0009785269999999999,10.5522,9.38772e-05,0.00724945,-0.00523629,0.021999599999999998,0.0631312,0.0118752,0.107003,-0.12834,-0.0341347,0.00398781,-0.00351409,-0.0005517359999999999,0.937615,0.00891373,-2.3729,261.655,562.617,310.785,allday,,3_hour,10.0,a28a128d-afa9-4eb5-ab51-0e059e9aadb9,18.0,1.59445e-09,-8.79739,-0.0,-0.0,0.0,1.0,0.0,-6.33398,73.1451,0.00717109,2.26567e-05,1800.0,0.0,0.0,180.0,,,180.0,180.0,0.0,180.0,0.0,-0.0,0.666667,1.0,-0.0,-0.0,0.0,1.0,0.0,1800.0,0.0,0.0,180.0,180.0,0.0,180.0,-0.0,allday,,3_hour,8.0,a28a128d-afa9-4eb5-ab51-0e059e9aadb9,35.0,0.0125,1174.71,1152.89,0.000866667,263.796,65.2619,1174.71,1152.89,0.000866667,263.796,65.2619,2021-09-11 02:05:33,,2021-09-11 23:59:59,2021-09-11 04:44:41,,allday,,3_hour
8,8.0,9.0, a28a128d-afa9-4eb5-ab51-0e059e9aadb9,2021-09-11 18:00:00,0.0,9.0,a28a128d-afa9-4eb5-ab51-0e059e9aadb9,0.999555,0.0644958,0.996675,0.10529300000000001,3.42345,0.0765865,-0.09101160000000001,-0.887149,0.0384673,0.10634,0.0572826,0.42235,0.22069299999999997,0.717187,0.027013099999999998,0.0172248,0.0336664,3.62992,0.248664,2.86648,18.2374,2.25359,8.54025,allday,,3_hour,9.0,a28a128d-afa9-4eb5-ab51-0e059e9aadb9,1006.83,0.290404,1006.76,1006.36,1007.52,allday,,3_hour,9.0,a28a128d-afa9-4eb5-ab51-0e059e9aadb9,35.5,4.60977,35.5,28.0,43.0,allday,,3_hour,,,,,,,,9.0,a28a128d-afa9-4eb5-ab51-0e059e9aadb9,0.11564100000000001,0.489361,0.00973975,0.00115768,10.8449,-0.0007421260000000001,0.0075462,-0.00386525,0.0655283,0.120143,0.0671033,0.22314,0.0205196,0.266549,0.0197993,0.00184246,0.0176755,2.1362900000000002,-1.05014,-0.0372788,127.652,159.851,127.68299999999999,allday,,3_hour,11.0,a28a128d-afa9-4eb5-ab51-0e059e9aadb9,18.0,5.81609e-08,-7.23537,-0.0,-0.0,2.0,1.0,0.0,-5.56565,306.25,0.0300245,0.00315822,1700.0,0.0,0.0,170.0,,,110.0,10.0,40.8248,60.0,0.0,0.055555600000000004,0.388889,1.0,-0.0,-0.0,2.0,1.0,0.0,1700.0,0.0,0.0,110.0,10.0,40.8248,60.0,0.055555600000000004,allday,,3_hour,9.0,a28a128d-afa9-4eb5-ab51-0e059e9aadb9,29.0,0.00972222,339.973,303.806,0.06315,75.2207,22.6649,339.973,303.806,0.06315,75.2207,22.6649,2021-09-11 00:00:00,,2021-09-11 07:42:27,2021-09-11 23:59:59,,allday,,3_hour
9,9.0,10.0, a28a128d-afa9-4eb5-ab51-0e059e9aadb9,2021-09-11 21:00:00,1.0,10.0,a28a128d-afa9-4eb5-ab51-0e059e9aadb9,0.998984,0.0335976,0.997075,0.0990975,4.9608300000000005,0.20689699999999997,-0.198601,-0.725949,0.10543599999999999,0.07366039999999999,0.210752,-0.133099,-0.365877,0.741363,-0.0117299,-0.0455876,0.11051400000000002,1.20023,-0.538026,1.72843,1.085,0.0246957,1.76807,allday,,3_hour,10.0,a28a128d-afa9-4eb5-ab51-0e059e9aadb9,1007.27,0.159333,1007.3,1006.88,1007.55,allday,,3_hour,10.0,a28a128d-afa9-4eb5-ab51-0e059e9aadb9,41.1,19.7931,38.5,13.0,78.0,allday,,3_hour,1.0,a28a128d-afa9-4eb5-ab51-0e059e9aadb9,2.0,497.841,allday,,3_hour,10.0,a28a128d-afa9-4eb5-ab51-0e059e9aadb9,0.0912027,0.364406,0.0102022,0.000388716,12.2036,0.0006642110000000001,0.00715352,-0.00507881,0.0358072,0.0714251,0.0337996,-0.0407811,0.0748954,-0.0646818,-0.00206243,0.00367997,-0.00225025,1.17741,-4.56617,-3.13145,195.563,313.964,233.74,allday,,3_hour,12.0,a28a128d-afa9-4eb5-ab51-0e059e9aadb9,18.0,3.0541399999999995e-09,-8.51511,-0.0,-0.0,0.0,1.0,0.0,-6.38342,115.205,0.0112946,5.6822e-05,1800.0,0.0,0.0,180.0,,,180.0,180.0,0.0,180.0,0.0,-0.0,0.833333,1.0,-0.0,-0.0,0.0,1.0,0.0,1800.0,0.0,0.0,180.0,180.0,0.0,180.0,-0.0,allday,,3_hour,10.0,a28a128d-afa9-4eb5-ab51-0e059e9aadb9,26.0,0.00902778,91.0512,25.9638,0.0059,8.86391,7.003939999999999,91.0512,25.9638,0.0059,8.86391,7.003939999999999,2021-09-11 08:00:30,,2021-09-11 10:30:19,2021-09-11 23:59:59,,allday,,3_hour
10,10.0,11.0, a28a128d-afa9-4eb5-ab51-0e059e9aadb9,2021-09-12 09:00:00,0.0,14.0,a28a128d-afa9-4eb5-ab51-0e059e9aadb9,0.997568,0.0314336,0.996742,0.120654,3.8807,0.0720322,-0.21057800000000002,-0.8279799999999999,0.0200239,0.133438,0.10758599999999999,0.137568,-0.338304,0.632215,0.00711115,-0.0405352,0.029344400000000003,3.7029099999999997,-0.44475,2.8075799999999997,18.1586,0.34726599999999996,9.003910000000001,allday,,3_hour,14.0,a28a128d-afa9-4eb5-ab51-0e059e9aadb9,1008.2,0.195105,1008.28,1007.79,1008.5,allday,,3_hour,13.0,a28a128d-afa9-4eb5-ab51-0e059e9aadb9,89.5,3.45205,89.5,84.0,95.0,allday,,3_hour,,,,,,,,14.0,a28a128d-afa9-4eb5-ab51-0e059e9aadb9,0.07317739999999999,0.382709,0.0100618,0.000817432,12.5615,0.000185728,0.00727389,-0.00581789,0.031645799999999995,0.09654910000000001,0.023539700000000004,0.161175,0.0702198,0.05286849999999999,0.0089092,0.00334766,0.00144299,1.5699,1.20276,-5.76328,228.292,424.96,486.24699999999996,allday,,3_hour,16.0,a28a128d-afa9-4eb5-ab51-0e059e9aadb9,18.0,1.44562e-09,-8.83995,-0.0,-0.0,0.0,1.0,0.0,-6.9420399999999995,69.9326,0.00685614,2.22733e-05,1800.0,0.0,0.0,180.0,,,180.0,180.0,0.0,180.0,0.0,-0.0,0.8888889999999999,1.0,-0.0,-0.0,0.0,1.0,0.0,1800.0,0.0,0.0,180.0,180.0,0.0,180.0,-0.0,allday,,3_hour,12.0,a28a128d-afa9-4eb5-ab51-0e059e9aadb9,30.0,0.010416700000000001,1323.74,1227.8,0.040433300000000005,296.055,82.7336,1323.74,1227.8,0.040433300000000005,296.055,82.7336,2021-09-12 00:00:00,,2021-09-12 23:59:59,2021-09-11 22:57:41,,allday,,3_hour
11,11.0,12.0, a28a128d-afa9-4eb5-ab51-0e059e9aadb9,2021-09-12 12:00:00,1.0,15.0,a28a128d-afa9-4eb5-ab51-0e059e9aadb9,0.997318,0.0184518,0.9971639999999999,0.273271,2.12383,0.195711,-0.20962600000000003,-0.9209780000000001,0.0251371,0.0313173,0.00808325,0.08248889999999999,-0.706609,0.09829410000000001,0.00231448,-0.011242700000000001,0.00140115,-0.17593399999999998,-1.25558,4.88949,1.8049,2.1175900000000003,60.5062,allday,,3_hour,15.0,a28a128d-afa9-4eb5-ab51-0e059e9aadb9,1007.52,0.6360399999999999,1007.65,1005.54,1008.24,allday,,3_hour,14.0,a28a128d-afa9-4eb5-ab51-0e059e9aadb9,79.0,2.5819900000000002,79.0,75.0,83.0,allday,,3_hour,,,,,,,,15.0,a28a128d-afa9-4eb5-ab51-0e059e9aadb9,0.0336783,0.220031,0.00927053,0.000755554,10.3473,0.00033377699999999995,0.00777201,-0.00414953,0.015575499999999999,0.0215995,0.012295,0.0742121,-0.11849000000000001,-0.0380481,0.00136121,-0.00193097,-0.000526533,-2.24296,-6.21165,1.6219999999999999,759.541,1047.21,700.2810000000001,allday,,3_hour,17.0,a28a128d-afa9-4eb5-ab51-0e059e9aadb9,18.0,3.0306700000000002e-09,-8.518460000000001,-0.0,-0.0,0.0,1.0,0.0,-6.77085,118.9,0.0116569,6.471060000000001e-05,1800.0,0.0,0.0,180.0,,,180.0,180.0,0.0,180.0,0.0,-0.0,0.722222,1.0,-0.0,-0.0,0.0,1.0,0.0,1800.0,0.0,0.0,180.0,180.0,0.0,180.0,-0.0,allday,,3_hour,13.0,a28a128d-afa9-4eb5-ab51-0e059e9aadb9,11.0,0.00347222,1413.75,1380.26,2.53998,511.916,235.625,1413.75,1380.26,2.53998,511.916,235.625,2021-09-12 00:00:00,,2021-09-11 23:53:42,2021-09-12 23:59:59,,allday,,3_hour
12,12.0,13.0, a28a128d-afa9-4eb5-ab51-0e059e9aadb9,2021-09-12 15:00:00,0.0,16.0,a28a128d-afa9-4eb5-ab51-0e059e9aadb9,0.9980040000000001,0.0195017,0.997138,0.138829,2.19323,0.15668900000000002,-0.26318400000000003,-0.70813,0.10323900000000001,0.0827897,0.21509899999999998,-0.10937999999999999,-0.737934,0.24095100000000003,-0.010112399999999999,-0.0984765,0.0359068,-0.376621,-0.398847,1.49443,1.7773700000000001,-0.428084,0.62058,allday,,3_hour,16.0,a28a128d-afa9-4eb5-ab51-0e059e9aadb9,1006.76,0.477088,1006.88,1005.26,1007.68,allday,,3_hour,15.0,a28a128d-afa9-4eb5-ab51-0e059e9aadb9,68.0,3.74166,68.0,62.0,74.0,allday,,3_hour,,,,,,,,16.0,a28a128d-afa9-4eb5-ab51-0e059e9aadb9,0.044251,0.248125,0.00956153,0.000427896,9.22776,3.03476e-06,0.00691244,-0.00444467,0.0183835,0.029026299999999998,0.0160467,0.026041,0.221102,0.0468291,0.0006015559999999999,0.00477188,0.000804325,1.24978,4.1323099999999995,-3.7101599999999997,412.658,459.417,588.908,allday,,3_hour,18.0,a28a128d-afa9-4eb5-ab51-0e059e9aadb9,18.0,3.26973e-09,-8.485489999999999,-0.0,-0.0,0.0,1.0,0.0,-6.010680000000001,111.935,0.010974,2.934e-05,1800.0,0.0,0.0,180.0,,,180.0,180.0,0.0,180.0,0.0,-0.0,0.8888889999999999,1.0,-0.0,-0.0,0.0,1.0,0.0,1800.0,0.0,0.0,180.0,180.0,0.0,180.0,-0.0,allday,,3_hour,14.0,a28a128d-afa9-4eb5-ab51-0e059e9aadb9,8.0,0.00277778,73.2229,59.4383,1.7411299999999998,23.8322,18.3057,73.2229,59.4383,1.7411299999999998,23.8322,18.3057,2021-09-12 03:24:22,,2021-09-12 04:36:14,2021-09-12 23:59:59,,allday,,3_hour
13,13.0,14.0, a28a128d-afa9-4eb5-ab51-0e059e9aadb9,2021-09-12 18:00:00,1.0,17.0,a28a128d-afa9-4eb5-ab51-0e059e9aadb9,0.999173,0.0703919,0.9966430000000001,0.10184,3.7028199999999996,0.024720699999999998,-0.160433,-0.808128,0.10583699999999999,0.11841199999999999,0.0996325,0.095384,0.139034,-0.298798,0.010678299999999998,0.0151017,-0.030683600000000002,-1.18061,0.5864050000000001,2.20933,5.62525,2.1735700000000002,4.64196,allday,,3_hour,17.0,a28a128d-afa9-4eb5-ab51-0e059e9aadb9,1008.04,0.43090500000000004,1008.25,1007.14,1008.77,allday,,3_hour,16.0,a28a128d-afa9-4eb5-ab51-0e059e9aadb9,51.4,5.69561,51.5,42.0,61.0,allday,,3_hour,,,,,,,,17.0,a28a128d-afa9-4eb5-ab51-0e059e9aadb9,0.132608,0.524065,0.010606399999999998,0.00044384199999999996,11.6206,-0.0005625059999999999,0.00658017,-0.00454518,0.0740787,0.148573,0.069513,0.17091900000000002,0.00496807,0.156033,0.017931400000000004,0.0005048930000000001,0.0111971,2.22523,0.22093800000000002,0.839764,119.021,131.952,95.55799999999999,allday,,3_hour,19.0,a28a128d-afa9-4eb5-ab51-0e059e9aadb9,18.0,2.52838e-09,-8.59716,-0.0,-0.0,0.0,1.0,0.0,-6.799869999999999,102.611,0.010059899999999998,3.20942e-05,1800.0,0.0,0.0,180.0,,,180.0,180.0,0.0,180.0,0.0,-0.0,0.722222,1.0,-0.0,-0.0,0.0,1.0,0.0,1800.0,0.0,0.0,180.0,180.0,0.0,180.0,-0.0,allday,,3_hour,15.0,a28a128d-afa9-4eb5-ab51-0e059e9aadb9,32.0,0.0111111,76.6622,23.7711,0.06955,6.54103,4.79139,76.6622,23.7711,0.06955,6.54103,4.79139,2021-09-12 05:17:57,,2021-09-12 07:56:00,2021-09-12 23:59:59,,allday,,3_hour
14,14.0,15.0, a28a128d-afa9-4eb5-ab51-0e059e9aadb9,2021-09-12 21:00:00,0.0,18.0,a28a128d-afa9-4eb5-ab51-0e059e9aadb9,0.997707,0.018741,0.997022,0.144651,2.04075,0.10596400000000002,-0.102771,-0.8934639999999999,0.0235834,0.059805899999999995,0.09231260000000001,-0.378852,-0.63164,0.789512,-0.0142283,-0.0469332,0.036838300000000004,2.465,-1.5518399999999999,3.89489,8.092080000000001,1.33366,14.3447,allday,,3_hour,18.0,a28a128d-afa9-4eb5-ab51-0e059e9aadb9,1008.34,0.0995538,1008.34,1008.1,1008.61,allday,,3_hour,17.0,a28a128d-afa9-4eb5-ab51-0e059e9aadb9,55.875,16.6137,54.5,32.0,86.0,allday,,3_hour,2.0,a28a128d-afa9-4eb5-ab51-0e059e9aadb9,1.0,553.447,allday,,3_hour,18.0,a28a128d-afa9-4eb5-ab51-0e059e9aadb9,0.035658300000000004,0.231231,0.00913179,0.000989487,9.62624,-1.25924e-06,0.00689234,-0.00531274,0.0169956,0.0257759,0.0118922,0.0388179,-0.0263012,-0.188289,0.0008124839999999999,-0.000460491,-0.0026769000000000003,-1.58121,-5.67809,-3.0466900000000003,523.53,868.192,568.6469999999999,allday,,3_hour,20.0,a28a128d-afa9-4eb5-ab51-0e059e9aadb9,18.0,2.6000100000000004e-09,-8.58502,-0.0,-0.0,0.0,1.0,0.0,-6.331840000000001,87.7194,0.00859994,2.71688e-05,1800.0,0.0,0.0,180.0,,,180.0,180.0,0.0,180.0,0.0,-0.0,0.666667,1.0,-0.0,-0.0,0.0,1.0,0.0,1800.0,0.0,0.0,180.0,180.0,0.0,180.0,-0.0,allday,,3_hour,16.0,a28a128d-afa9-4eb5-ab51-0e059e9aadb9,14.0,0.00486111,37.2369,14.8777,0.0337667,5.74487,5.31955,37.2369,14.8777,0.0337667,5.74487,5.31955,2021-09-12 08:31:48,,2021-09-12 10:05:38,2021-09-12 23:59:59,,allday,,3_hour
15,15.0,16.0, a28a128d-afa9-4eb5-ab51-0e059e9aadb9,2021-09-13 09:00:00,-1.0,22.0,a28a128d-afa9-4eb5-ab51-0e059e9aadb9,0.997099,0.0267017,0.996582,0.18751099999999998,2.76907,0.087804,-0.19420199999999999,-0.865656,0.0344783,0.109956,0.0557016,0.0910038,-0.660504,0.325106,0.00560337,-0.051692300000000004,0.0142475,2.61286,-1.07499,2.34194,8.51657,0.151316,6.601430000000001,allday,,3_hour,22.0,a28a128d-afa9-4eb5-ab51-0e059e9aadb9,1011.36,0.13175499999999998,1011.34,1011.07,1011.64,allday,,3_hour,19.0,a28a128d-afa9-4eb5-ab51-0e059e9aadb9,92.5,4.03113,92.5,86.0,99.0,allday,,3_hour,,,,,,,,22.0,a28a128d-afa9-4eb5-ab51-0e059e9aadb9,0.061357400000000006,0.322993,0.00968073,0.000632758,11.7154,0.00023642,0.00635358,-0.0052622,0.0267517,0.0588789,0.0223903,0.11857899999999999,0.0976662,-0.0410069,0.0047062,0.00354619,-0.00100362,5.33235,0.24573899999999999,-4.25056,473.381,399.68,695.72,allday,,3_hour,24.0,a28a128d-afa9-4eb5-ab51-0e059e9aadb9,18.0,2.3602300000000002e-09,-8.62705,-0.0,-0.0,0.0,1.0,0.0,-6.53226,102.59299999999999,0.0100581,5.5083599999999996e-05,1800.0,0.0,0.0,180.0,,,180.0,180.0,0.0,180.0,0.0,-0.0,0.9444440000000001,1.0,-0.0,-0.0,0.0,1.0,0.0,1800.0,0.0,0.0,180.0,180.0,0.0,180.0,-0.0,allday,,3_hour,18.0,a28a128d-afa9-4eb5-ab51-0e059e9aadb9,17.0,0.00555556,1272.87,1217.68,2.37817,380.533,141.43,1272.87,1217.68,2.37817,380.533,141.43,2021-09-13 00:00:00,,2021-09-12 22:55:40,2021-09-13 23:59:59,,allday,,3_hour
16,16.0,17.0, a28a128d-afa9-4eb5-ab51-0e059e9aadb9,2021-09-13 12:00:00,-1.0,23.0,a28a128d-afa9-4eb5-ab51-0e059e9aadb9,1.0115100000000001,0.177403,0.9966440000000001,0.05016690000000001,6.49991,-0.025129,0.0385641,-0.8461049999999999,0.0753568,0.15732100000000002,0.10394400000000001,-0.11314500000000001,0.49778900000000004,-0.289744,-0.0123196,0.0636569,-0.0256439,-2.00053,2.3564,2.14072,10.9028,13.3068,3.96155,allday,,3_hour,23.0,a28a128d-afa9-4eb5-ab51-0e059e9aadb9,1010.92,0.411872,1010.84,1010.45,1012.38,allday,,3_hour,20.0,a28a128d-afa9-4eb5-ab51-0e059e9aadb9,75.0,6.0553,75.0,65.0,85.0,allday,,3_hour,,,,,,,,23.0,a28a128d-afa9-4eb5-ab51-0e059e9aadb9,0.30038200000000004,0.809049,0.0095666,0.00114185,10.1259,-0.000838529,0.00992896,0.00251857,0.262472,0.23425900000000002,0.247953,-0.242983,-0.255626,0.22224699999999997,-0.06025219999999999,-0.061609300000000006,0.0566985,0.643702,0.138721,0.391898,21.1084,31.8301,29.2114,allday,,3_hour,25.0,a28a128d-afa9-4eb5-ab51-0e059e9aadb9,18.0,4.79402e-06,-5.3193,-0.0,-0.0,2.0,1.0,0.11111099999999999,-2.79564,1254.28,0.12296800000000001,0.044000000000000004,1300.0,0.0,0.0,130.0,,,120.0,10.0,47.8423,53.3333,0.0131737,0.166667,0.611111,0.722222,-0.0,-0.0,2.0,1.0,0.11111099999999999,1300.0,0.0,0.0,120.0,10.0,47.8423,53.3333,0.166667,allday,,3_hour,19.0,a28a128d-afa9-4eb5-ab51-0e059e9aadb9,24.0,0.00833333,56.8947,25.4482,0.052783300000000005,7.21391,4.741230000000001,56.8947,25.4482,0.052783300000000005,7.21391,4.741230000000001,2021-09-12 23:02:20,,2021-09-13 01:49:19,2021-09-13 23:59:59,,allday,,3_hour
17,17.0,18.0, a28a128d-afa9-4eb5-ab51-0e059e9aadb9,2021-09-13 15:00:00,0.0,24.0,a28a128d-afa9-4eb5-ab51-0e059e9aadb9,0.997144,0.0256934,0.996819,0.042147500000000004,2.90559,0.020350999999999998,-0.0747294,-0.9636979999999999,0.00579054,0.0409776,0.0134762,-0.245144,-0.815405,0.0426964,-0.00377626,-0.019161900000000003,0.00037717400000000003,-1.3253700000000002,-2.60443,4.99927,63.6058,6.20528,37.8492,allday,,3_hour,24.0,a28a128d-afa9-4eb5-ab51-0e059e9aadb9,1011.41,0.6110260000000001,1011.35,1010.58,1012.37,allday,,3_hour,21.0,a28a128d-afa9-4eb5-ab51-0e059e9aadb9,59.8889,2.64342,60.0,56.0,64.0,allday,,3_hour,,,,,,,,24.0,a28a128d-afa9-4eb5-ab51-0e059e9aadb9,0.051350400000000004,0.281238,0.00934306,0.00160867,10.1703,-0.000336839,0.00773648,-0.00529276,0.021350499999999998,0.0458842,0.0144092,0.00603489,-0.018725400000000003,0.0676983,0.00018889099999999998,-0.000481495,0.00118743,3.08354,1.72217,-0.47478400000000004,273.64599999999996,529.1669999999999,322.362,allday,,3_hour,26.0,a28a128d-afa9-4eb5-ab51-0e059e9aadb9,18.0,2.60888e-09,-8.58355,-0.0,-0.0,0.0,1.0,0.0,-6.558439999999999,122.685,0.0120279,4.3397700000000006e-05,1800.0,0.0,0.0,180.0,,,180.0,180.0,0.0,180.0,0.0,-0.0,0.777778,1.0,-0.0,-0.0,0.0,1.0,0.0,1800.0,0.0,0.0,180.0,180.0,0.0,180.0,-0.0,allday,,3_hour,20.0,a28a128d-afa9-4eb5-ab51-0e059e9aadb9,26.0,0.00902778,41.1041,15.7788,0.112633,4.43328,3.16186,41.1041,15.7788,0.112633,4.43328,3.16186,2021-09-13 02:07:35,,2021-09-13 04:44:33,2021-09-13 23:59:59,,allday,,3_hour
18,18.0,19.0, a28a128d-afa9-4eb5-ab51-0e059e9aadb9,2021-09-13 18:00:00,-1.0,25.0,a28a128d-afa9-4eb5-ab51-0e059e9aadb9,0.998584,0.0263371,0.997023,0.042339499999999995,2.7960000000000003,0.0879853,-0.13884000000000002,-0.640354,0.162262,0.0562616,0.34226799999999996,-0.151053,-0.43623500000000004,0.34985900000000003,-0.0144328,-0.060536599999999996,0.0824505,-0.05196459999999999,-1.01373,1.25451,1.33883,1.12836,-0.24059,allday,,3_hour,25.0,a28a128d-afa9-4eb5-ab51-0e059e9aadb9,1013.24,0.592209,1013.2,1012.35,1014.02,allday,,3_hour,22.0,a28a128d-afa9-4eb5-ab51-0e059e9aadb9,44.4545,6.28655,44.5,34.0,55.0,allday,,3_hour,,,,,,,,25.0,a28a128d-afa9-4eb5-ab51-0e059e9aadb9,0.0715962,0.334625,0.00992278,0.000545128,8.98252,9.10774e-05,0.00752766,-0.00479526,0.0323238,0.0622587,0.0224379,-0.050829,0.109572,-0.136699,-0.00228024,0.00409541,-0.00368151,-2.30475,0.4476,-0.710782,289.66200000000003,290.67900000000003,223.41400000000002,allday,,3_hour,27.0,a28a128d-afa9-4eb5-ab51-0e059e9aadb9,18.0,2.6670700000000004e-09,-8.57397,-0.0,-0.0,0.0,1.0,0.0,-6.748639999999999,95.7701,0.00938923,4.49256e-05,1800.0,0.0,0.0,180.0,,,180.0,180.0,0.0,180.0,0.0,-0.0,0.777778,1.0,-0.0,-0.0,1.0,1.0,0.0,1700.0,0.0,0.0,170.0,10.0,80.0,90.0,0.055555600000000004,allday,,3_hour,21.0,a28a128d-afa9-4eb5-ab51-0e059e9aadb9,25.0,0.00902778,1066.03,967.7239999999999,0.23585,256.014,82.0021,1066.03,967.7239999999999,0.23585,256.014,82.0021,2021-09-13 05:02:11,,2021-09-13 23:59:59,2021-09-13 07:49:18,,allday,,3_hour
19,19.0,20.0, a28a128d-afa9-4eb5-ab51-0e059e9aadb9,2021-09-13 21:00:00,-1.0,26.0,a28a128d-afa9-4eb5-ab51-0e059e9aadb9,1.00085,0.0881535,0.996704,0.015206799999999998,3.4478699999999995,0.102141,-0.0667945,-0.822891,0.0770571,0.0786882,0.161678,0.24736,0.127081,0.807353,0.019261900000000002,0.014334,0.0901163,2.38843,0.129571,2.52517,7.266089999999999,6.207269999999999,5.27185,allday,,3_hour,26.0,a28a128d-afa9-4eb5-ab51-0e059e9aadb9,1014.22,0.225408,1014.35,1013.72,1014.46,allday,,3_hour,23.0,a28a128d-afa9-4eb5-ab51-0e059e9aadb9,25.0,4.89898,25.0,17.0,33.0,allday,,3_hour,,,,,,,,26.0,a28a128d-afa9-4eb5-ab51-0e059e9aadb9,0.14816400000000002,0.549491,0.00962862,0.00044678,19.692,-0.000388679,0.00709217,-0.00604452,0.0810769,0.14849500000000002,0.09423430000000001,0.278275,-0.11702699999999999,0.130492,0.030534199999999997,-0.013843799999999998,0.0114063,2.42401,-0.352436,-1.0711899999999999,156.014,100.016,126.78299999999999,allday,,3_hour,28.0,a28a128d-afa9-4eb5-ab51-0e059e9aadb9,18.0,6.04099e-07,-6.21889,-0.0,-0.0,2.0,1.0,0.0,-4.64305,711.693,0.06977389999999999,0.026287599999999998,1700.0,0.0,0.0,170.0,,,120.0,10.0,45.4606,60.0,0.0,0.055555600000000004,0.777778,0.9444440000000001,-0.0,-0.0,2.0,1.0,0.0,1700.0,0.0,0.0,120.0,10.0,45.4606,60.0,0.055555600000000004,allday,,3_hour,22.0,a28a128d-afa9-4eb5-ab51-0e059e9aadb9,33.0,0.0111111,541.7959999999999,484.282,0.0212167,113.397,31.8703,541.7959999999999,484.282,0.0212167,113.397,31.8703,2021-09-13 00:00:00,,2021-09-13 10:45:19,2021-09-13 23:59:59,,allday,,3_hour
20,20.0,21.0, a28a128d-afa9-4eb5-ab51-0e059e9aadb9,2021-09-14 09:00:00,1.0,30.0,a28a128d-afa9-4eb5-ab51-0e059e9aadb9,0.999755,0.0703928,0.996692,0.172627,3.24864,0.0454841,-0.0444355,-0.9208959999999999,0.028448700000000004,0.06454990000000001,0.0593741,0.274934,0.032062799999999995,0.693349,0.0117819,0.00198498,0.0284964,4.54114,-0.5021,3.99635,29.1206,8.304969999999999,17.9355,allday,,3_hour,30.0,a28a128d-afa9-4eb5-ab51-0e059e9aadb9,1014.55,0.486249,1014.61,1013.44,1017.55,allday,,3_hour,26.0,a28a128d-afa9-4eb5-ab51-0e059e9aadb9,91.5,3.45205,91.5,86.0,97.0,allday,,3_hour,,,,,,,,30.0,a28a128d-afa9-4eb5-ab51-0e059e9aadb9,0.137049,0.585172,0.00923947,0.0007262439999999999,14.2231,-0.00281153,0.00793816,-0.00405468,0.0737249,0.196794,0.0906032,0.0845873,-0.157339,0.251345,0.010188899999999999,-0.0210098,0.0205427,2.26225,-0.633015,0.345688,147.036,123.85600000000001,88.705,allday,,3_hour,32.0,a28a128d-afa9-4eb5-ab51-0e059e9aadb9,18.0,5.2704800000000004e-08,-7.27815,-0.0,-0.0,2.0,1.0,0.0,-5.480230000000001,287.865,0.028222000000000004,0.00287581,1700.0,0.0,0.0,170.0,,,130.0,10.0,50.9902,60.0,0.0,0.055555600000000004,0.833333,1.0,-0.0,-0.0,2.0,1.0,0.0,1700.0,0.0,0.0,130.0,10.0,50.9902,60.0,0.055555600000000004,allday,,3_hour,25.0,a28a128d-afa9-4eb5-ab51-0e059e9aadb9,44.0,0.0152778,32.3231,15.189,0.0072,3.06047,1.46923,32.3231,15.189,0.0072,3.06047,1.46923,2021-09-13 20:07:25,,2021-09-13 22:47:46,2021-09-14 23:59:59,,allday,,3_hour
21,21.0,22.0, a28a128d-afa9-4eb5-ab51-0e059e9aadb9,2021-09-14 12:00:00,1.0,31.0,a28a128d-afa9-4eb5-ab51-0e059e9aadb9,0.996808,0.018911900000000002,0.9965870000000001,0.233677,2.5762400000000003,0.0230414,-0.08713969999999999,-0.9687870000000001,0.00698282,0.035006300000000004,0.00532407,-0.24155700000000002,-0.8639370000000001,0.404646,-0.00377673,-0.0117946,0.00246729,4.07339,-2.02952,3.36396,24.5929,2.7377700000000003,34.5659,allday,,3_hour,31.0,a28a128d-afa9-4eb5-ab51-0e059e9aadb9,1012.71,0.486914,1012.69,1011.93,1013.47,allday,,3_hour,27.0,a28a128d-afa9-4eb5-ab51-0e059e9aadb9,80.5,2.87228,80.5,76.0,85.0,allday,,3_hour,,,,,,,,31.0,a28a128d-afa9-4eb5-ab51-0e059e9aadb9,0.0436876,0.26665500000000003,0.00938409,0.00111647,13.9091,-0.00010712,0.006664,-0.00525414,0.017971,0.044905900000000006,0.010064499999999999,0.10640999999999999,-0.00338475,-0.040411800000000005,0.00302293,-7.19585e-05,-0.000543498,6.60712,-7.011710000000001,-1.0354299999999999,454.245,1097.28,339.426,allday,,3_hour,33.0,a28a128d-afa9-4eb5-ab51-0e059e9aadb9,18.0,1.65408e-09,-8.78144,-0.0,-0.0,0.0,1.0,0.0,-6.698739999999999,97.5238,0.00956116,2.97504e-05,1800.0,0.0,0.0,180.0,,,180.0,180.0,0.0,180.0,0.0,-0.0,0.9444440000000001,1.0,-0.0,-0.0,0.0,1.0,0.0,1800.0,0.0,0.0,180.0,180.0,0.0,180.0,-0.0,allday,,3_hour,26.0,a28a128d-afa9-4eb5-ab51-0e059e9aadb9,26.0,0.00902778,31.1238,12.7825,0.00481667,3.33285,2.39414,31.1238,12.7825,0.00481667,3.33285,2.39414,2021-09-13 23:02:02,,2021-09-14 01:14:04,2021-09-14 23:59:59,,allday,,3_hour
22,22.0,23.0, a28a128d-afa9-4eb5-ab51-0e059e9aadb9,2021-09-14 15:00:00,1.0,32.0,a28a128d-afa9-4eb5-ab51-0e059e9aadb9,0.997301,0.0277969,0.9967010000000001,0.146009,4.309740000000001,0.0220185,-0.0895078,-0.8878290000000001,0.020118599999999997,0.0521003,0.126426,-0.138153,-0.116692,-0.263432,-0.00447288,-0.00947083,-0.013286000000000001,1.71412,-1.33889,4.27579,14.6385,3.8746,18.3157,allday,,3_hour,32.0,a28a128d-afa9-4eb5-ab51-0e059e9aadb9,1012.26,0.0783896,1012.27,1012.03,1012.43,allday,,3_hour,28.0,a28a128d-afa9-4eb5-ab51-0e059e9aadb9,68.5,4.03113,68.5,62.0,75.0,allday,,3_hour,,,,,,,,32.0,a28a128d-afa9-4eb5-ab51-0e059e9aadb9,0.0551205,0.29318299999999997,0.00950984,0.00066688,11.5229,0.000712808,0.00711495,-0.00521877,0.025274599999999998,0.043968099999999996,0.0196737,0.146249,-0.011564299999999998,-0.0364675,0.004875399999999999,-0.00034012699999999996,-0.000813204,1.40036,-2.72701,-1.95333,401.50699999999995,652.964,277.228,allday,,3_hour,34.0,a28a128d-afa9-4eb5-ab51-0e059e9aadb9,18.0,3.20691e-09,-8.493910000000001,-0.0,-0.0,0.0,1.0,0.0,-6.89342,105.113,0.0103052,5.1941400000000004e-05,1800.0,0.0,0.0,180.0,,,180.0,180.0,0.0,180.0,0.0,-0.0,0.777778,1.0,-0.0,-0.0,0.0,1.0,0.0,1800.0,0.0,0.0,180.0,180.0,0.0,180.0,-0.0,allday,,3_hour,27.0,a28a128d-afa9-4eb5-ab51-0e059e9aadb9,24.0,0.00833333,65.9814,20.6914,0.00773333,6.85307,5.49845,65.9814,20.6914,0.00773333,6.85307,5.49845,2021-09-14 02:03:01,,2021-09-14 04:54:47,2021-09-14 23:59:59,,allday,,3_hour
23,23.0,24.0, a28a128d-afa9-4eb5-ab51-0e059e9aadb9,2021-09-14 18:00:00,1.0,33.0,a28a128d-afa9-4eb5-ab51-0e059e9aadb9,0.9990979999999999,0.0752309,0.996975,0.054356299999999996,5.790830000000001,0.0744827,-0.0776362,-0.91071,0.025508799999999998,0.0805088,0.0568721,0.204743,0.020241,0.736849,0.00927864,0.00136966,0.028066000000000004,4.4907,0.50346,3.5404400000000003,27.9561,9.74687,12.5597,allday,,3_hour,33.0,a28a128d-afa9-4eb5-ab51-0e059e9aadb9,1012.4,0.192098,1012.43,1012.09,1012.79,allday,,3_hour,29.0,a28a128d-afa9-4eb5-ab51-0e059e9aadb9,52.3889,5.122269999999999,52.0,44.0,61.0,allday,,3_hour,,,,,,,,33.0,a28a128d-afa9-4eb5-ab51-0e059e9aadb9,0.11311900000000001,0.485079,0.00964386,0.000756664,13.7112,-0.000853912,0.00769506,-0.0042398,0.0627558,0.130079,0.055184699999999996,0.123428,-0.110865,0.231481,0.011152,-0.00939327,0.0136226,1.68258,0.178082,1.3768,96.4557,206.886,106.71,allday,,3_hour,35.0,a28a128d-afa9-4eb5-ab51-0e059e9aadb9,18.0,5.1322e-08,-7.2897,-0.0,-0.0,2.0,1.0,0.0,-5.51858,305.16200000000003,0.029917900000000004,0.00271618,1700.0,0.0,0.0,170.0,,,90.0,10.0,35.5903,60.0,0.0,0.055555600000000004,0.611111,1.0,-0.0,-0.0,2.0,1.0,0.0,1700.0,0.0,0.0,90.0,10.0,35.5903,60.0,0.055555600000000004,allday,,3_hour,28.0,a28a128d-afa9-4eb5-ab51-0e059e9aadb9,38.0,0.013194399999999998,59.9686,22.6477,0.01255,5.262630000000001,3.15624,59.9686,22.6477,0.01255,5.262630000000001,3.15624,2021-09-14 05:08:28,,2021-09-14 07:53:21,2021-09-14 23:59:59,,allday,,3_hour
24,24.0,25.0, a28a128d-afa9-4eb5-ab51-0e059e9aadb9,2021-09-14 21:00:00,1.0,34.0,a28a128d-afa9-4eb5-ab51-0e059e9aadb9,0.9969620000000001,0.0131326,0.9967370000000001,0.55386,1.86605,0.0242705,-0.032527600000000004,-0.982611,0.0095276,0.0134629,0.00394324,-0.391024,-0.8260930000000001,0.603346,-0.00442867,-0.00601912,0.00369822,4.120080000000001,-4.71314,6.73164,20.0123,24.1621,66.8368,allday,,3_hour,34.0,a28a128d-afa9-4eb5-ab51-0e059e9aadb9,1012.02,0.315525,1012.05,1011.35,1012.58,allday,,3_hour,30.0,a28a128d-afa9-4eb5-ab51-0e059e9aadb9,39.5,2.29129,39.5,36.0,43.0,allday,,3_hour,,,,,,,,34.0,a28a128d-afa9-4eb5-ab51-0e059e9aadb9,0.03399,0.250135,0.00928523,0.00107865,13.8012,-0.0005418830000000001,0.00703455,-0.00533096,0.013827200000000001,0.0425591,0.00725851,0.221915,-0.035475400000000004,0.128473,0.00538342,-0.000623526,0.0012870999999999998,-1.59159,-16.9979,-5.38776,613.1,1375.1,474.101,allday,,3_hour,36.0,a28a128d-afa9-4eb5-ab51-0e059e9aadb9,18.0,1.39955e-09,-8.85401,-0.0,-0.0,0.0,1.0,0.0,-7.601889999999999,98.3552,0.00964266,1.09896e-05,1800.0,0.0,0.0,180.0,,,180.0,180.0,0.0,180.0,0.0,-0.0,0.8888889999999999,1.0,-0.0,-0.0,0.0,1.0,0.0,1800.0,0.0,0.0,180.0,180.0,0.0,180.0,-0.0,allday,,3_hour,29.0,a28a128d-afa9-4eb5-ab51-0e059e9aadb9,21.0,0.00763889,794.3989999999999,784.007,0.129,225.08900000000003,72.2181,794.3989999999999,784.007,0.129,225.08900000000003,72.2181,2021-09-14 08:20:33,,2021-09-14 23:59:59,2021-09-14 10:53:06,,allday,,3_hour
25,25.0,26.0, a28a128d-afa9-4eb5-ab51-0e059e9aadb9,2021-09-15 09:00:00,-1.0,,,,,,,,,,,,,,,,,,,,,,,,,,,,,,,,,,,,,,,,,,,,,,,,,,,,,,,,,,,,,,,,,,,,,,,,,,,,,,,,,,,,,,,,,,,,,,,,,,,,,,,,,,,,,,,,,,,,,,,,,,,,,,,,,,,,,,,,,,,,,,,,,,,,,
26,26.0,27.0, a28a128d-afa9-4eb5-ab51-0e059e9aadb9,2021-09-15 12:00:00,-1.0,,,,,,,,,,,,,,,,,,,,,,,,,,,,,,,,,,,,,,,,,,,,,,,,,,,,,,,,,,,,,,,,,,,,,,,,,,,,,,,,,,,,,,,,,,,,,,,,,,,,,,,,,,,,,,,,,,,,,,,,,,,,,,,,,,,,,,,,,,,,,,,,,,,,,
27,27.0,28.0, a28a128d-afa9-4eb5-ab51-0e059e9aadb9,2021-09-15 15:00:00,0.0,,,,,,,,,,,,,,,,,,,,,,,,,,,,,,,,,,,,,,,,,,,,,,,,,,,,,,,,,,,,,,,,,,,,,,,,,,,,,,,,,,,,,,,,,,,,,,,,,,,,,,,,,,,,,,,,,,,,,,,,,,,,,,,,,,,,,,,,,,,,,,,,,,,,,
28,28.0,29.0, a28a128d-afa9-4eb5-ab51-0e059e9aadb9,2021-09-15 18:00:00,-1.0,,,,,,,,,,,,,,,,,,,,,,,,,,,,,,,,,,,,,,,,,,,,,,,,,,,,,,,,,,,,,,,,,,,,,,,,,,,,,,,,,,,,,,,,,,,,,,,,,,,,,,,,,,,,,,,,,,,,,,,,,,,,,,,,,,,,,,,,,,,,,,,,,,,,,
29,29.0,30.0, a28a128d-afa9-4eb5-ab51-0e059e9aadb9,2021-09-15 21:00:00,1.0,,,,,,,,,,,,,,,,,,,,,,,,,,,,,,,,,,,,,,,,,,,,,,,,,,,,,,,,,,,,,,,,,,,,,,,,,,,,,,,,,,,,,,,,,,,,,,,,,,,,,,,,,,,,,,,,,,,,,,,,,,,,,,,,,,,,,,,,,,,,,,,,,,,,,
30,30.0,31.0, a28a128d-afa9-4eb5-ab51-0e059e9aadb9,2021-09-16 09:00:00,1.0,,,,,,,,,,,,,,,,,,,,,,,,,,,,,,,,,,,,,,,,,,,,,,,,,,,,,,,,,,,,,,,,,,,,,,,,,,,,,,,,,,,,,,,,,,,,,,,,,,,,,,,,,,,,,,,,,,,,,,,,,,,,,,,,,,,,,,,,,,,,,,,,,,,,,
31,31.0,32.0, a28a128d-afa9-4eb5-ab51-0e059e9aadb9,2021-09-16 12:00:00,1.0,,,,,,,,,,,,,,,,,,,,,,,,,,,,,,,,,,,,,,,,,,,,,,,,,,,,,,,,,,,,,,,,,,,,,,,,,,,,,,,,,,,,,,,,,,,,,,,,,,,,,,,,,,,,,,,,,,,,,,,,,,,,,,,,,,,,,,,,,,,,,,,,,,,,,
32,32.0,33.0, a28a128d-afa9-4eb5-ab51-0e059e9aadb9,2021-09-16 15:00:00,0.0,,,,,,,,,,,,,,,,,,,,,,,,,,,,,,,,,,,,,,,,,,,,,,,,,,,,,,,,,,,,,,,,,,,,,,,,,,,,,,,,,,,,,,,,,,,,,,,,,,,,,,,,,,,,,,,,,,,,,,,,,,,,,,,,,,,,,,,,,,,,,,,,,,,,,
33,33.0,34.0, a28a128d-afa9-4eb5-ab51-0e059e9aadb9,2021-09-16 18:00:00,-1.0,,,,,,,,,,,,,,,,,,,,,,,,,,,,,,,,,,,,,,,,,,,,,,,,,,,,,,,,,,,,,,,,,,,,,,,,,,,,,,,,,,,,,,,,,,,,,,,,,,,,,,,,,,,,,,,,,,,,,,,,,,,,,,,,,,,,,,,,,,,,,,,,,,,,,
34,34.0,35.0, a28a128d-afa9-4eb5-ab51-0e059e9aadb9,2021-09-16 21:00:00,1.0,,,,,,,,,,,,,,,,,,,,,,,,,,,,,,,,,,,,,,,,,,,,,,,,,,,,,,,,,,,,,,,,,,,,,,,,,,,,,,,,,,,,,,,,,,,,,,,,,,,,,,,,,,,,,,,,,,,,,,,,,,,,,,,,,,,,,,,,,,,,,,,,,,,,,
35,35.0,36.0, a28a128d-afa9-4eb5-ab51-0e059e9aadb9,2021-09-17 09:00:00,0.0,,,,,,,,,,,,,,,,,,,,,,,,,,,,,,,,,,,,,,,,,,,,,,,,,,,,,,,,,,,,,,,,,,,,,,,,,,,,,,,,,,,,,,,,,,,,,,,,,,,,,,,,,,,,,,,,,,,,,,,,,,,,,,,,,,,,,,,,,,,,,,,,,,,,,
36,36.0,37.0, a28a128d-afa9-4eb5-ab51-0e059e9aadb9,2021-09-17 12:00:00,-1.0,,,,,,,,,,,,,,,,,,,,,,,,,,,,,,,,,,,,,,,,,,,,,,,,,,,,,,,,,,,,,,,,,,,,,,,,,,,,,,,,,,,,,,,,,,,,,,,,,,,,,,,,,,,,,,,,,,,,,,,,,,,,,,,,,,,,,,,,,,,,,,,,,,,,,
37,37.0,38.0, a28a128d-afa9-4eb5-ab51-0e059e9aadb9,2021-09-17 15:00:00,0.0,,,,,,,,,,,,,,,,,,,,,,,,,,,,,,,,,,,,,,,,,,,,,,,,,,,,,,,,,,,,,,,,,,,,,,,,,,,,,,,,,,,,,,,,,,,,,,,,,,,,,,,,,,,,,,,,,,,,,,,,,,,,,,,,,,,,,,,,,,,,,,,,,,,,,
38,38.0,39.0, a28a128d-afa9-4eb5-ab51-0e059e9aadb9,2021-09-17 18:00:00,1.0,,,,,,,,,,,,,,,,,,,,,,,,,,,,,,,,,,,,,,,,,,,,,,,,,,,,,,,,,,,,,,,,,,,,,,,,,,,,,,,,,,,,,,,,,,,,,,,,,,,,,,,,,,,,,,,,,,,,,,,,,,,,,,,,,,,,,,,,,,,,,,,,,,,,,
39,39.0,40.0, a28a128d-afa9-4eb5-ab51-0e059e9aadb9,2021-09-17 21:00:00,1.0,,,,,,,,,,,,,,,,,,,,,,,,,,,,,,,,,,,,,,,,,,,,,,,,,,,,,,,,,,,,,,,,,,,,,,,,,,,,,,,,,,,,,,,,,,,,,,,,,,,,,,,,,,,,,,,,,,,,,,,,,,,,,,,,,,,,,,,,,,,,,,,,,,,,,
40,,,,2021-09-11 00:00:00,,3.0,a28a128d-afa9-4eb5-ab51-0e059e9aadb9,1.0029,0.014583100000000002,1.00415,0.480862,2.27383,-0.20463299999999998,-0.149344,0.715316,0.0640871,0.0231607,0.342915,-0.0523952,0.6448689999999999,-0.413646,-0.00201865,0.057471100000000004,-0.061321900000000006,1.17499,-2.20715,-2.11957,5.42235,4.18328,2.79218,allday,,3_hour,3.0,a28a128d-afa9-4eb5-ab51-0e059e9aadb9,1008.43,0.12953599999999998,1008.42,1008.17,1008.67,allday,,3_hour,3.0,a28a128d-afa9-4eb5-ab51-0e059e9aadb9,99.0,0.0,99.0,99.0,99.0,allday,,3_hour,,,,,,,,3.0,a28a128d-afa9-4eb5-ab51-0e059e9aadb9,0.034636,0.19172,0.00923898,0.000520053,9.27994,0.000268792,0.00636993,-0.00506258,0.0115214,0.0167058,0.00966255,-0.120325,0.23454299999999997,0.035955400000000005,-0.00166937,0.00297996,0.00037937699999999997,-3.06035,-9.74985,0.740835,800.0260000000001,916.383,674.38,allday,,3_hour,5.0,a28a128d-afa9-4eb5-ab51-0e059e9aadb9,17.0,2.34884e-09,-8.62915,-0.0,-0.0,0.0,1.0,0.0,-6.65532,109.93700000000001,0.011451799999999998,3.66291e-05,1700.0,0.0,0.0,170.0,,,170.0,170.0,0.0,170.0,0.0,-0.0,0.882353,1.0,-0.0,-0.0,0.0,1.0,0.0,1700.0,0.0,0.0,170.0,170.0,0.0,170.0,-0.0,allday,,3_hour,3.0,a28a128d-afa9-4eb5-ab51-0e059e9aadb9,3.0,0.00138889,627.64,627.6,0.03925,313.781,313.82,627.64,627.6,0.03925,313.781,313.82,2021-09-10 13:31:23,,2021-09-11 23:59:59,2021-09-10 13:31:26,,allday,,3_hour
41,,,,2021-09-11 03:00:00,,4.0,a28a128d-afa9-4eb5-ab51-0e059e9aadb9,0.998668,0.019204699999999998,0.9964280000000001,0.262013,1.8338299999999998,0.0284534,-0.0729819,-0.542912,0.250056,0.0313873,0.41537399999999997,-0.28538600000000003,-0.850923,0.402814,-0.0252834,-0.09716169999999999,0.129823,0.29377800000000004,-1.31674,0.812272,-0.0620309,1.43777,-1.2443899999999999,allday,,3_hour,4.0,a28a128d-afa9-4eb5-ab51-0e059e9aadb9,1008.63,0.194437,1008.6,1008.27,1009.1,allday,,3_hour,4.0,a28a128d-afa9-4eb5-ab51-0e059e9aadb9,94.0,2.5819900000000002,94.0,90.0,98.0,allday,,3_hour,,,,,,,,4.0,a28a128d-afa9-4eb5-ab51-0e059e9aadb9,0.051747,0.221964,0.0100711,0.0010272,10.6344,-0.000323273,0.00734059,-0.00443697,0.013877700000000001,0.022917700000000003,0.0150767,-0.209992,0.16208,-0.128335,-0.00374503,0.00301284,-0.00185637,0.622835,-5.18495,2.7466,647.636,581.024,485.55400000000003,allday,,3_hour,6.0,a28a128d-afa9-4eb5-ab51-0e059e9aadb9,18.0,2.3227399999999998e-09,-8.634,-0.0,-0.0,0.0,1.0,0.0,-6.30729,80.676,0.00790941,1.92822e-05,1800.0,0.0,0.0,180.0,,,180.0,180.0,0.0,180.0,0.0,-0.0,0.8888889999999999,1.0,-0.0,-0.0,0.0,1.0,0.0,1800.0,0.0,0.0,180.0,180.0,0.0,180.0,-0.0,allday,,3_hour,4.0,a28a128d-afa9-4eb5-ab51-0e059e9aadb9,3.0,0.0006944439999999999,901.3860000000001,863.2560000000001,38.1299,412.56300000000005,450.69300000000004,901.3860000000001,863.2560000000001,38.1299,412.56300000000005,450.69300000000004,2021-09-11 00:00:00,,2021-09-10 14:23:18,2021-09-11 23:59:59,,allday,,3_hour
42,,,,2021-09-11 06:00:00,,5.0,a28a128d-afa9-4eb5-ab51-0e059e9aadb9,0.996873,0.0156726,0.9966649999999999,0.279548,2.0451099999999998,-0.019668400000000003,-0.00909197,-0.931278,0.022149900000000004,0.0795551,0.024549500000000002,-0.47297700000000004,-0.723383,0.6426569999999999,-0.0198549,-0.0319691,0.0149863,3.3665199999999995,-1.93113,3.9348699999999996,17.6733,2.99496,22.1183,allday,,3_hour,5.0,a28a128d-afa9-4eb5-ab51-0e059e9aadb9,1009.24,0.0750302,1009.23,1009.01,1009.43,allday,,3_hour,5.0,a28a128d-afa9-4eb5-ab51-0e059e9aadb9,85.5,2.29129,85.5,82.0,89.0,allday,,3_hour,,,,,,,,5.0,a28a128d-afa9-4eb5-ab51-0e059e9aadb9,0.028120299999999997,0.183437,0.00953307,0.00100848,9.743839999999999,-0.00053744,0.00746857,-0.00493963,0.0101929,0.014777600000000002,0.00938912,0.012248299999999998,0.138478,0.0161533,0.000150326,0.00163118,0.000158026,-16.1366,-5.61682,-11.3012,2353.14,973.258,1475.38,allday,,3_hour,7.0,a28a128d-afa9-4eb5-ab51-0e059e9aadb9,18.0,1.7893199999999998e-09,-8.74731,-0.0,-0.0,0.0,1.0,0.0,-7.399830000000001,77.3218,0.00758057,2.65776e-05,1800.0,0.0,0.0,180.0,,,180.0,180.0,0.0,180.0,0.0,-0.0,0.8888889999999999,1.0,-0.0,-0.0,0.0,1.0,0.0,1800.0,0.0,0.0,180.0,180.0,0.0,180.0,-0.0,allday,,3_hour,5.0,a28a128d-afa9-4eb5-ab51-0e059e9aadb9,2.0,0.0006944439999999999,32.7409,32.7409,32.7409,0.0,32.7409,32.7409,32.7409,32.7409,0.0,32.7409,2021-09-10 19:06:19,,2021-09-10 19:06:19,2021-09-11 23:59:59,,allday,,3_hour
43,,,,2021-09-12 00:00:00,,11.0,a28a128d-afa9-4eb5-ab51-0e059e9aadb9,0.997957,0.00183239,0.997921,0.932426,1.06224,0.23032199999999997,0.037579800000000003,-0.962313,0.012246600000000002,0.00186044,0.00130825,0.446488,0.392217,0.9703459999999999,0.00213125,0.00061191,0.00388408,1.03675,-0.135107,1.9472099999999999,0.538042,0.8370780000000001,3.66645,allday,,3_hour,11.0,a28a128d-afa9-4eb5-ab51-0e059e9aadb9,1006.59,0.260793,1006.55,1006.04,1007.21,allday,,3_hour,11.0,a28a128d-afa9-4eb5-ab51-0e059e9aadb9,89.5,6.34429,89.5,79.0,100.0,allday,,3_hour,,,,,,,,11.0,a28a128d-afa9-4eb5-ab51-0e059e9aadb9,0.00943455,0.0140119,0.00848075,0.0009292,1.0887,-0.000223532,0.00704195,-0.00412663,5.05367e-05,0.000134731,3.34079e-05,-0.36258,-0.0562947,-0.255475,-2.99191e-05,-3.7768900000000004e-06,-1.04975e-05,-12.5362,-3.73026,10.1599,1972.84,1173.52,8538.76,allday,,3_hour,13.0,a28a128d-afa9-4eb5-ab51-0e059e9aadb9,17.0,2.17415e-09,-8.66271,-0.0,-0.0,0.0,1.0,0.0,-6.8993,91.9826,0.00958152,5.46197e-05,1700.0,0.0,0.0,170.0,,,170.0,170.0,0.0,170.0,0.0,-0.0,0.882353,1.0,-0.0,-0.0,0.0,1.0,0.0,1700.0,0.0,0.0,170.0,170.0,0.0,170.0,-0.0,allday,,3_hour,,,,,,,,,,,,,,,,,,,,,,
44,,,,2021-09-12 03:00:00,,12.0,a28a128d-afa9-4eb5-ab51-0e059e9aadb9,0.998173,0.00220012,0.9981399999999999,0.9250510000000001,1.07551,0.308612,-0.0252503,-0.941053,0.0110058,0.00221736,0.00167021,-0.378837,-0.426426,0.9823139999999999,-0.00187149,-0.0008206460000000001,0.00421167,0.705346,-2.12011,1.08736,-0.57896,6.8434,-0.0466582,allday,,3_hour,12.0,a28a128d-afa9-4eb5-ab51-0e059e9aadb9,1006.79,0.46283599999999997,1006.57,1006.03,1007.66,allday,,3_hour,,,,,,,,,,,,,,,,,,12.0,a28a128d-afa9-4eb5-ab51-0e059e9aadb9,0.00999911,0.015319,0.00861849,0.00206237,1.38244,-0.000253749,0.00719692,-0.00417466,9.99044e-05,0.00015424200000000002,1.1220699999999999e-05,0.143149,0.0782221,0.406746,1.77701e-05,3.2542400000000004e-06,1.3618699999999999e-05,-29.1984,-7.5080100000000005,2.02717,2656.19,1031.12,893.685,allday,,3_hour,14.0,a28a128d-afa9-4eb5-ab51-0e059e9aadb9,18.0,1.21669e-09,-8.914819999999999,-0.0,-0.0,0.0,1.0,0.0,-7.506310000000001,77.194,0.00756803,2.13348e-05,1800.0,0.0,0.0,180.0,,,180.0,180.0,0.0,180.0,0.0,-0.0,1.0,1.0,-0.0,-0.0,0.0,1.0,0.0,1800.0,0.0,0.0,180.0,180.0,0.0,180.0,-0.0,allday,,3_hour,,,,,,,,,,,,,,,,,,,,,,
45,,,,2021-09-12 06:00:00,,13.0,a28a128d-afa9-4eb5-ab51-0e059e9aadb9,0.9980540000000001,0.021262,0.9977370000000001,0.22464499999999998,3.8043199999999997,0.219202,-0.158911,-0.8629,0.030906599999999996,0.0650386,0.0827192,0.114597,-0.453784,0.6127199999999999,0.005138,-0.0332848,0.0309813,1.21204,-1.05446,3.9685599999999996,4.26254,-0.56862,15.8298,allday,,3_hour,13.0,a28a128d-afa9-4eb5-ab51-0e059e9aadb9,1007.98,0.161454,1007.98,1007.66,1008.32,allday,,3_hour,12.0,a28a128d-afa9-4eb5-ab51-0e059e9aadb9,97.5,1.1180299999999999,97.5,96.0,99.0,allday,,3_hour,,,,,,,,13.0,a28a128d-afa9-4eb5-ab51-0e059e9aadb9,0.0418188,0.19688599999999998,0.00963014,0.000491305,6.816739999999999,-1.45236e-05,0.00718387,-0.0043839,0.013612,0.0175489,0.00928117,-0.0474593,0.0215838,0.0593976,-0.0007335260000000001,0.000275463,0.000667635,-0.32004299999999997,-1.1299,5.31228,346.147,630.895,483.611,allday,,3_hour,15.0,a28a128d-afa9-4eb5-ab51-0e059e9aadb9,18.0,2.07491e-09,-8.683,-0.0,-0.0,0.0,1.0,0.0,-6.57066,105.37700000000001,0.010331100000000001,3.5110999999999996e-05,1800.0,0.0,0.0,180.0,,,180.0,180.0,0.0,180.0,0.0,-0.0,1.0,1.0,-0.0,-0.0,0.0,1.0,0.0,1800.0,0.0,0.0,180.0,180.0,0.0,180.0,-0.0,allday,,3_hour,11.0,a28a128d-afa9-4eb5-ab51-0e059e9aadb9,5.0,0.00208333,305.163,240.75099999999998,18.0135,98.9898,101.721,305.163,240.75099999999998,18.0135,98.9898,101.721,2021-09-11 18:35:01,,2021-09-12 23:59:59,2021-09-11 19:42:29,,allday,,3_hour
46,,,,2021-09-13 00:00:00,,19.0,a28a128d-afa9-4eb5-ab51-0e059e9aadb9,0.9983860000000001,0.00162602,0.998373,0.92937,1.07718,0.27263000000000004,0.0892418,-0.9517979999999999,0.00696359,0.000807777,0.0007945910000000001,0.779205,0.799705,0.981024,0.00184809,0.000640701,0.00230768,0.395463,1.0828200000000001,1.03536,-0.7506689999999999,1.39585,1.05817,allday,,3_hour,19.0,a28a128d-afa9-4eb5-ab51-0e059e9aadb9,1008.67,0.0987265,1008.67,1008.45,1008.98,allday,,3_hour,18.0,a28a128d-afa9-4eb5-ab51-0e059e9aadb9,93.3333,4.00925,93.0,87.0,100.0,allday,,3_hour,,,,,,,,19.0,a28a128d-afa9-4eb5-ab51-0e059e9aadb9,0.00912154,0.00988508,0.008437,0.00142548,0.797879,-0.000220645,0.00707332,-0.00401205,2.06054e-05,8.92882e-05,4.846719999999999e-06,-0.597565,0.18165699999999999,0.0377086,-2.56319e-05,3.77904e-06,3.76844e-07,-6.894710000000001,6.57112,8.0112,1854.65,1905.95,473.59,allday,,3_hour,21.0,a28a128d-afa9-4eb5-ab51-0e059e9aadb9,17.0,1.441e-09,-8.841339999999999,-0.0,-0.0,0.0,1.0,0.0,-6.58437,75.4082,0.00785502,2.26929e-05,1700.0,0.0,0.0,170.0,,,170.0,170.0,0.0,170.0,0.0,-0.0,0.705882,1.0,-0.0,-0.0,0.0,1.0,0.0,1700.0,0.0,0.0,170.0,170.0,0.0,170.0,-0.0,allday,,3_hour,,,,,,,,,,,,,,,,,,,,,,
47,,,,2021-09-13 03:00:00,,20.0,a28a128d-afa9-4eb5-ab51-0e059e9aadb9,0.999381,0.00487207,0.9988940000000001,0.28327199999999997,1.5384799999999998,0.332988,0.061521000000000006,-0.709909,0.0440291,0.00520618,0.330914,0.774871,-0.8292209999999999,-0.7309859999999999,0.0117319,-0.034418800000000006,-0.0882357,-1.0153299999999998,-2.29855,2.5670900000000003,0.631074,11.2142,4.69773,allday,,3_hour,20.0,a28a128d-afa9-4eb5-ab51-0e059e9aadb9,1009.44,0.373216,1009.36,1008.8,1010.19,allday,,3_hour,,,,,,,,,,,,,,,,,,20.0,a28a128d-afa9-4eb5-ab51-0e059e9aadb9,0.0107197,0.0608521,0.00892885,0.00190428,7.34894,-0.00026275,0.00760304,-0.00455314,0.00105741,0.00197872,0.0007031639999999999,-0.602144,0.16283699999999998,-0.28628000000000003,-0.000871006,0.00019208,-0.000246859,-91.0754,44.5806,45.9024,13885.1,7548.26,11352.5,allday,,3_hour,22.0,a28a128d-afa9-4eb5-ab51-0e059e9aadb9,18.0,1.13103e-09,-8.946530000000001,-0.0,-0.0,0.0,1.0,0.0,-7.766719999999999,81.6506,0.00800496,1.7572e-05,1800.0,0.0,0.0,180.0,,,180.0,180.0,0.0,180.0,0.0,-0.0,0.9444440000000001,1.0,-0.0,-0.0,0.0,1.0,0.0,1800.0,0.0,0.0,180.0,180.0,0.0,180.0,-0.0,allday,,3_hour,,,,,,,,,,,,,,,,,,,,,,
48,,,,2021-09-13 06:00:00,,21.0,a28a128d-afa9-4eb5-ab51-0e059e9aadb9,1.0027700000000002,0.020121299999999998,1.00319,0.170463,2.5421099999999996,-0.215459,-0.00574455,0.6639,0.062126999999999995,0.0329709,0.423629,-0.14311,0.335956,-0.638857,-0.00647712,0.039705300000000006,-0.103644,1.00965,-0.41903999999999997,-1.95635,2.47193,7.634860000000001,1.9967599999999999,allday,,3_hour,21.0,a28a128d-afa9-4eb5-ab51-0e059e9aadb9,1010.8,0.272311,1010.82,1010.17,1011.2,allday,,3_hour,,,,,,,,,,,,,,,,,,21.0,a28a128d-afa9-4eb5-ab51-0e059e9aadb9,0.0391951,0.26524699999999996,0.00916278,0.000988119,26.229,-0.000593661,0.00674542,-0.00462856,0.013748500000000002,0.0428085,0.015268200000000001,0.186813,0.14067000000000002,0.133469,0.004532199999999999,0.00359639,0.00193379,-3.07737,-33.8206,-8.38214,543.5169999999999,5037.92,1084.05,allday,,3_hour,23.0,a28a128d-afa9-4eb5-ab51-0e059e9aadb9,18.0,1.67402e-09,-8.77624,-0.0,-0.0,0.0,1.0,0.0,-6.773689999999999,86.4219,0.00847273,1.4828800000000001e-05,1800.0,0.0,0.0,180.0,,,180.0,180.0,0.0,180.0,0.0,-0.0,0.9444440000000001,1.0,-0.0,-0.0,0.0,1.0,0.0,1800.0,0.0,0.0,180.0,180.0,0.0,180.0,-0.0,allday,,3_hour,17.0,a28a128d-afa9-4eb5-ab51-0e059e9aadb9,9.0,0.00347222,262.228,241.391,0.0588,94.6372,52.4457,262.228,241.391,0.0588,94.6372,52.4457,2021-09-12 19:26:52,,2021-09-13 23:59:59,2021-09-12 19:58:08,,allday,,3_hour
49,,,,2021-09-14 00:00:00,,27.0,a28a128d-afa9-4eb5-ab51-0e059e9aadb9,0.9987729999999999,0.020775799999999997,0.997516,0.21243,2.74979,0.0856169,-0.134679,-0.582307,0.201258,0.0360905,0.39608000000000004,-0.0504462,-0.746019,-0.0576061,-0.00429942,-0.089196,-0.016264700000000003,-0.749645,-1.23264,1.00921,0.816134,0.9888399999999999,-0.8723420000000001,allday,,3_hour,27.0,a28a128d-afa9-4eb5-ab51-0e059e9aadb9,1014.43,0.0572438,1014.44,1014.25,1014.55,allday,,3_hour,24.0,a28a128d-afa9-4eb5-ab51-0e059e9aadb9,52.1386,26.5058,50.0,12.0,100.0,allday,,3_hour,3.0,a28a128d-afa9-4eb5-ab51-0e059e9aadb9,2.0,400.064,allday,,3_hour,27.0,a28a128d-afa9-4eb5-ab51-0e059e9aadb9,0.0539253,0.25496199999999997,0.00931746,0.000450402,10.1883,-0.000526733,0.00621828,-0.00511637,0.0177887,0.030884699999999998,0.0191749,-0.0631045,0.17210999999999999,-0.057618100000000005,-0.00147915,0.00418844,-0.00106416,-3.12276,-0.5026649999999999,-3.8241699999999996,375.92400000000004,527.56,263.869,allday,,3_hour,29.0,a28a128d-afa9-4eb5-ab51-0e059e9aadb9,17.0,1.5549e-09,-8.8083,-0.0,-0.0,0.0,1.0,0.0,-7.42139,91.7001,0.00955209,3.94773e-05,1700.0,0.0,0.0,170.0,,,170.0,170.0,0.0,170.0,0.0,-0.0,0.941176,1.0,-0.0,-0.0,0.0,1.0,0.0,1700.0,0.0,0.0,170.0,170.0,0.0,170.0,-0.0,allday,,3_hour,23.0,a28a128d-afa9-4eb5-ab51-0e059e9aadb9,10.0,0.00347222,63.2962,46.5995,1.5225,17.027,12.6592,63.2962,46.5995,1.5225,17.027,12.6592,2021-09-13 11:00:35,,2021-09-13 12:12:37,2021-09-14 23:59:59,,allday,,3_hour
50,,,,2021-09-14 03:00:00,,28.0,a28a128d-afa9-4eb5-ab51-0e059e9aadb9,0.9976659999999999,0.00154382,0.99764,0.9465709999999999,1.04856,0.17235799999999998,-0.0019605,-0.978474,0.00581433,0.00209235,0.000310825,0.24164000000000002,0.17327,0.98319,0.000842838,0.000139735,0.00132176,1.12855,-0.540241,1.44087,0.0775554,1.54827,0.9710270000000001,allday,,3_hour,28.0,a28a128d-afa9-4eb5-ab51-0e059e9aadb9,1014.06,0.126212,1014.04,1013.8,1014.37,allday,,3_hour,,,,,,,,,,,,,,,,,,28.0,a28a128d-afa9-4eb5-ab51-0e059e9aadb9,0.00942898,0.00757498,0.00880978,0.00192219,0.407469,-0.00017665400000000002,0.00729169,-0.00446079,3.2985500000000005e-05,2.85223e-05,1.16796e-05,0.0168412,0.06809639999999999,-0.0238438,5.16577e-07,1.24291e-06,-4.68014e-07,-3.9699400000000002,-2.18322,-54.7433,761.0310000000001,589.29,5728.82,allday,,3_hour,30.0,a28a128d-afa9-4eb5-ab51-0e059e9aadb9,18.0,1.61159e-09,-8.79275,-0.0,-0.0,0.0,1.0,0.0,-6.70764,87.3747,0.00856615,2.71077e-05,1800.0,0.0,0.0,180.0,,,180.0,180.0,0.0,180.0,0.0,-0.0,1.0,1.0,-0.0,-0.0,0.0,1.0,0.0,1800.0,0.0,0.0,180.0,180.0,0.0,180.0,-0.0,allday,,3_hour,,,,,,,,,,,,,,,,,,,,,,
51,,,,2021-09-14 06:00:00,,29.0,a28a128d-afa9-4eb5-ab51-0e059e9aadb9,0.9976450000000001,0.0217953,0.997693,0.229465,2.3727,0.0789548,-0.024472400000000002,-0.8429610000000001,0.118024,0.046809300000000005,0.113521,0.718643,-0.538037,-0.707086,0.05341619999999999,-0.0392216,-0.0818472,-1.7993299999999999,-1.26799,2.63662,2.75517,4.02526,6.03302,allday,,3_hour,29.0,a28a128d-afa9-4eb5-ab51-0e059e9aadb9,1014.78,0.171923,1014.78,1014.3,1015.15,allday,,3_hour,25.0,a28a128d-afa9-4eb5-ab51-0e059e9aadb9,98.5,0.5,98.5,98.0,99.0,allday,,3_hour,,,,,,,,29.0,a28a128d-afa9-4eb5-ab51-0e059e9aadb9,0.049027999999999995,0.273501,0.0091902,0.000358356,11.3474,-2.64135e-05,0.00613186,-0.0049562,0.0205266,0.037261,0.019356599999999998,0.23354499999999997,0.22361399999999998,0.015403,0.00645898,0.00600549,0.000307033,5.76577,1.49176,-1.14926,369.08,581.493,446.11800000000005,allday,,3_hour,31.0,a28a128d-afa9-4eb5-ab51-0e059e9aadb9,18.0,1.7818599999999999e-09,-8.749130000000001,-0.0,-0.0,0.0,1.0,0.0,-6.57839,91.8698,0.00900684,1.80908e-05,1800.0,0.0,0.0,180.0,,,180.0,180.0,0.0,180.0,0.0,-0.0,0.9444440000000001,1.0,-0.0,-0.0,0.0,1.0,0.0,1800.0,0.0,0.0,180.0,180.0,0.0,180.0,-0.0,allday,,3_hour,24.0,a28a128d-afa9-4eb5-ab51-0e059e9aadb9,14.0,0.00486111,43.2479,29.9066,0.0206333,10.1873,6.1782699999999995,43.2479,29.9066,0.0206333,10.1873,6.1782699999999995,2021-09-13 18:42:42,,2021-09-13 19:42:17,2021-09-14 23:59:59,,allday,,3_hour
52,,,,2021-09-15 00:00:00,,35.0,a28a128d-afa9-4eb5-ab51-0e059e9aadb9,1.00041,0.075507,0.996872,0.181043,3.7368099999999997,0.159874,-0.19050899999999998,-0.76495,0.06273390000000001,0.126755,0.170023,0.0577789,-0.087099,0.706236,0.00515241,-0.0127867,0.0729395,1.7477599999999998,0.511008,2.2251,4.29289,2.35689,4.229430000000001,allday,,3_hour,35.0,a28a128d-afa9-4eb5-ab51-0e059e9aadb9,1010.93,0.395023,1010.98,1010.17,1011.61,allday,,3_hour,31.0,a28a128d-afa9-4eb5-ab51-0e059e9aadb9,26.5,5.18813,26.5,18.0,35.0,allday,,3_hour,,,,,,,,35.0,a28a128d-afa9-4eb5-ab51-0e059e9aadb9,0.149526,0.547934,0.0113674,0.0009551360000000001,12.9985,3.18849e-05,0.0100474,-0.00403597,0.07746549999999999,0.177599,0.06740800000000001,0.10234700000000001,-0.066412,0.22876999999999997,0.0120048,-0.00726658,0.0165317,1.7322400000000002,0.170895,1.32375,78.1317,140.546,84.5484,allday,,3_hour,37.0,a28a128d-afa9-4eb5-ab51-0e059e9aadb9,17.0,1.22131e-09,-8.91317,-0.0,-0.0,0.0,1.0,0.0,-6.87648,66.9413,0.00697305,2.1166199999999997e-05,1700.0,0.0,0.0,170.0,,,170.0,170.0,0.0,170.0,0.0,-0.0,0.941176,1.0,-0.0,-0.0,0.0,1.0,0.0,1700.0,0.0,0.0,170.0,170.0,0.0,170.0,-0.0,allday,,3_hour,30.0,a28a128d-afa9-4eb5-ab51-0e059e9aadb9,20.0,0.00694444,1356.31,661.2919999999999,0.029866700000000003,248.16400000000002,123.301,1356.31,661.2919999999999,0.029866700000000003,248.16400000000002,123.301,2021-09-15 00:00:00,,2021-09-15 23:59:59,2021-09-14 13:19:53,,allday,,3_hour
53,,,,2021-09-15 03:00:00,,36.0,a28a128d-afa9-4eb5-ab51-0e059e9aadb9,0.997675,0.0268223,0.9972,0.202941,3.9354,-0.146597,-0.0179118,-0.593988,0.232391,0.047082099999999995,0.341969,0.0918067,-0.727287,-0.364607,0.00960332,-0.0922862,-0.10278699999999999,-0.42538400000000004,-0.6730109999999999,1.25876,-0.730689,0.383922,0.154502,allday,,3_hour,36.0,a28a128d-afa9-4eb5-ab51-0e059e9aadb9,1009.83,0.172267,1009.79,1009.54,1010.28,allday,,3_hour,32.0,a28a128d-afa9-4eb5-ab51-0e059e9aadb9,55.3409,24.2412,54.5,16.0,98.0,allday,,3_hour,4.0,a28a128d-afa9-4eb5-ab51-0e059e9aadb9,1.0,9.65668,allday,,3_hour,36.0,a28a128d-afa9-4eb5-ab51-0e059e9aadb9,0.0601702,0.30126,0.009135700000000002,0.0007539360000000001,10.2307,0.000660208,0.00700629,-0.00383551,0.026282099999999996,0.0480078,0.0200237,-0.023008599999999997,0.259457,0.0956735,-0.000817308,0.00804457,0.00219484,3.82945,-1.6483,0.44070200000000004,760.535,355.81,423.065,allday,,3_hour,38.0,a28a128d-afa9-4eb5-ab51-0e059e9aadb9,16.0,9.46049e-10,-9.02409,-0.0,-0.0,0.0,1.0,0.0,-6.79522,50.2032,0.00557813,1.81439e-05,1600.0,0.0,0.0,160.0,,,160.0,160.0,0.0,160.0,0.0,-0.0,1.0,1.0,-0.0,-0.0,0.0,1.0,0.0,1600.0,0.0,0.0,160.0,160.0,0.0,160.0,-0.0,allday,,3_hour,31.0,a28a128d-afa9-4eb5-ab51-0e059e9aadb9,9.0,0.00277778,889.378,856.949,0.09831669999999999,339.74199999999996,177.87599999999998,889.378,856.949,0.09831669999999999,339.74199999999996,177.87599999999998,2021-09-15 00:00:00,,2021-09-14 15:50:11,2021-09-15 23:59:59,,allday,,3_hour
